Rank,Keyword,Category,Monthly Search Volume,CPC Low ($),CPC High ($),CPC Midpoint ($),Competition,Opportunity Score,Notes
1,real estate wholesaling,Wholesaling Software,3600,20,35,27.50,Low,95,"High volume + low CPC + low competition. Core term for AIWholesail."
2,wholesaling real estate for beginners,Wholesaling Software,6800,4.07,4.07,4.07,Low,94,"Huge volume for a long-tail. Very cheap CPC. Beginner funnel top."
3,real estate investing for beginners,Beginner Investing,55200,4.04,4.04,4.04,Low,93,"Massive volume + low CPC. Top-of-funnel educational content plays."
4,cap rate calculator,Property Calculators,5400,20,35,27.50,Low,92,"High volume tool keyword. Free calculator as lead magnet."
5,house flipping,Flip Houses Software,8100,25,45,35.00,Low-Medium,91,"High volume. Software positioning lowers effective CPC."
6,BRRRR method real estate,Beginner Investing,1600,20,35,27.50,Low,90,"Niche investor strategy term. Low competition. High intent."
7,real estate ROI calculator,Property Calculators,1300,20,30,25.00,Low,89,"Tool keyword. Build free calculator for lead capture."
8,property wholesaling,Wholesaling Software,1900,3.58,3.58,3.58,Medium,88,"Very cheap CPC. Solid volume. Alternate phrasing competitors miss."
9,wholesale investing,Wholesaling Software,1600,3.80,3.80,3.80,Low,87,"Cheap CPC + low competition. Cross-intent (RE + general investing)."
10,real estate investing 101,Beginner Investing,6100,3.88,3.88,3.88,Low,86,"High volume educational term. Very cheap. Content marketing play."
11,investment property,Investment Property Finding,18100,33,80,55.00,Low-Medium,85,"Enormous volume. High CPC but Display/Video ads can be $0.10-0.66."
12,real estate wholesalers,Wholesaling Software,90500,3.00,3.00,3.00,Medium,84,"Massive volume at $3 CPC. Target people looking for wholesalers."
13,buy and hold real estate,Beginner Investing,1900,25,40,32.50,Low,83,"Strategy keyword. Low competition. High commercial intent."
14,real estate investment strategies,Beginner Investing,10100,4.48,4.48,4.48,Low-Medium,82,"Very high volume. Under $5 CPC. Broad funnel keyword."
15,off market real estate deals,Off-Market Property Leads,880,30,50,40.00,Low,81,"Direct match for AIWholesail value prop. Low competition."
16,real estate syndication,Investment Property Finding,2400,30,50,40.00,Low,80,"Niche investor term. Low KD. High-value audience."
17,fix and flip loans,Flip Houses Software,2900,45,70,57.50,Low-Medium,79,"High volume. Expensive CPC but qualifies serious flippers."
18,best cities to invest in real estate 2026,Investment Property Finding,2400,25,40,32.50,Low,78,"Timely keyword. Low comp. Great for content + retargeting."
19,investment property for sale,Investment Property Finding,11800,2.83,2.83,2.83,Medium,77,"Excellent volume + very cheap CPC. Buyer-intent keyword."
20,real estate investing,Beginner Investing,12100,35,55,45.00,Medium,76,"Core term. High volume but expensive. Use in exact match only."
21,rental property investment,Investment Property Finding,15100,4.61,4.61,4.61,Medium,75,"Very high volume. Under $5 CPC. Rental investor audience."
22,property investment for beginners,Beginner Investing,4700,3.20,3.20,3.20,Low,74,"Cheap CPC. Good volume. International traffic included."
23,good real estate investments,Investment Property Finding,4400,3.88,3.88,3.88,Low,73,"Under $4 CPC. Research-phase keyword. Content marketing."
24,real estate investment trust,Investment Property Finding,302000,3.05,3.05,3.05,Low,72,"Massive volume. Very cheap. Adjacent audience for REI software."
25,passive real estate investing,Beginner Investing,10500,9.04,9.04,9.04,Low,71,"High volume. Moderate CPC. High-value passive investor audience."
26,best real estate investments,Investment Property Finding,5700,4.50,4.50,4.50,Low-Medium,70,"Good volume. Under $5. Research-stage keyword."
27,turnkey investment properties,Investment Property Finding,5100,5.08,5.08,5.08,Medium,69,"Good volume. Moderate CPC. Passive investor audience."
28,real estate investment companies,Investment Property Finding,6300,8.59,8.59,8.59,Medium,68,"High volume. Competitor-awareness stage keyword."
29,multifamily real estate investing,Investment Property Finding,5000,7.89,7.89,7.89,Low-Medium,67,"Niche investor segment. Moderate CPC."
30,real estate investors near me,Motivated Seller Leads,2300,13.11,13.11,13.11,Medium,66,"Local intent. Higher CPC but very high conversion potential."
31,property investment company,Real Estate CRM,3500,5.41,5.41,5.41,Low-Medium,65,"B2B keyword. Software/platform positioning."
32,investment property with high rental yield,Investment Property Finding,1500,55,80,67.50,Medium,64,"Long-tail. Expensive but ultra-high intent."
33,real estate holding company,Investment Property Finding,590,35,55,45.00,Low,63,"Niche. Low competition. Serious investor audience."
34,virtual real estate investing,Beginner Investing,2300,4.93,4.93,4.93,Medium,62,"Growing trend keyword. Under $5 CPC."
35,real estate investor websites,Real Estate CRM,1800,8.06,8.06,8.06,Medium,61,"Software-adjacent. Moderate CPC. Tool-seeking audience."
36,subject to real estate investing,Deal Analysis Software,1600,5.45,5.45,5.45,Medium,60,"Strategy keyword. Moderate CPC. Advanced investor."
37,llc for real estate investing,Beginner Investing,1300,7.08,7.08,7.08,Low-Medium,59,"Setup-stage keyword. Good for onboarding content."
38,commercial real estate investing,Investment Property Finding,8500,8.12,8.12,8.12,Medium,58,"High volume. Moderate CPC. Commercial segment."
39,investors realty,Real Estate CRM,5400,2.96,2.96,2.96,Low,57,"Very cheap CPC. Good volume. Brand-adjacent."
40,land investors,Investment Property Finding,3600,2.22,2.22,2.22,Low-Medium,56,"Very cheap CPC. Niche land investing segment."
41,property investment strategies,Deal Analysis Software,1600,6.67,6.67,6.67,Low-Medium,55,"Strategy keyword. Moderate CPC. Analysis tool funnel."
42,real estate investment properties,Investment Property Finding,2900,5.75,5.75,5.75,Low-Medium,54,"Moderate CPC. Good volume. Active investor searching."
43,best property investment,Investment Property Finding,2600,3.11,3.11,3.11,Low-Medium,53,"Cheap CPC. Research-stage keyword."
44,real estate investment group,Real Estate CRM,4100,5.89,5.89,5.89,Medium,52,"Community-seeking investors. CRM/platform opportunity."
45,start investing in real estate,Beginner Investing,1300,5.71,5.71,5.71,Medium,51,"Action-intent beginner keyword."
46,turnkey investment,Investment Property Finding,700,3.55,3.55,3.55,Low,50,"Very cheap. Passive investor segment."
47,investing in multifamily properties,Investment Property Finding,3200,8.05,8.05,8.05,Low-Medium,49,"Niche. Moderate CPC. Multi-unit investor audience."
48,best places for real estate investment,Investment Property Finding,2400,6.21,6.21,6.21,Low-Medium,48,"Research keyword. Geographic analysis tool play."
49,syndication investments,Investment Property Finding,1300,10.30,10.30,10.30,Low,47,"Niche. Higher CPC but very qualified audience."
50,real estate private lenders,Off-Market Property Leads,1600,12.96,12.96,12.96,Medium,46,"Financing keyword. Adjacent to deal pipeline."
51,the millionaire real estate investor,Beginner Investing,2600,2.85,2.85,2.85,Low,45,"Book title keyword. Very cheap. Educational funnel."
52,real estate investing for dummies,Beginner Investing,1400,3.42,3.42,3.42,Low,44,"Very cheap CPC. Beginner audience. Content play."
53,real estate investment fund,Investment Property Finding,3600,11.19,11.19,11.19,Medium,43,"Institutional keyword. Higher CPC."
54,commercial property investment,Investment Property Finding,5900,4.34,4.34,4.34,Medium,42,"Good volume. Under $5. Commercial segment."
55,private money lenders,Off-Market Property Leads,16400,11.95,11.95,11.95,Low,41,"Very high volume. Financing adjacent. Deal enabler."
56,reia,Real Estate CRM,14800,5.58,5.58,5.58,Low,40,"Real Estate Investor Association. Community keyword."
57,local reia,Real Estate CRM,300,3.93,3.93,3.93,Low,39,"Hyper-local. Cheap. Community-seeking investors."
58,reddit real estate investing,Beginner Investing,1800,5.33,5.33,5.33,Low,38,"Platform-specific. Research-stage. Low competition."
59,real estate investment management,Real Estate CRM,1300,9.97,9.97,9.97,Low-Medium,37,"B2B/platform keyword. Portfolio management tool."
60,crowdfunding real estate investment,Investment Property Finding,1600,14.62,14.62,14.62,Medium,36,"Growing segment. Higher CPC. Tech-savvy audience."
61,real estate investment analysis,Deal Analysis Software,N/A,4.00,6.00,5.00,Low,35,"Direct product match. Analysis software positioning."
62,online real estate investing,Beginner Investing,1600,6.80,6.80,6.80,Low,34,"Digital-first investor. Platform keyword."
63,best city for real estate investment,Investment Property Finding,1600,8.33,8.33,8.33,Low,33,"Research keyword. Data/analytics tool positioning."
64,real estate stocks to invest in,Investment Property Finding,1300,5.99,5.99,5.99,Medium,32,"Adjacent audience. Stocks-to-RE conversion funnel."
65,proptech investors,Investment Property Finding,300,3.90,3.90,3.90,Low,31,"Niche proptech keyword. Very relevant audience."
66,real estate investment diversification,Beginner Investing,N/A,3.00,5.00,4.00,Low,30,"Educational long-tail. Very low competition."
67,real estate investment due diligence,Deal Analysis Software,N/A,4.00,7.00,5.50,Low,29,"Analysis tool keyword. High intent for software."
68,foreclosure investment risks,Deal Analysis Software,N/A,3.00,5.00,4.00,Low,28,"Risk analysis. Tool/calculator positioning."
69,buying pre-foreclosure properties,Off-Market Property Leads,N/A,5.00,10.00,7.50,Low-Medium,27,"Off-market deal finding. Direct product match."
70,real estate investment exit strategies,Deal Analysis Software,N/A,3.00,6.00,4.50,Low,26,"Advanced investor. Planning tool keyword."
